id,position,win
1,1,0.652173913
13,5,0.666666667
52,5,0.785714286
54,5,0.8
65,5,0.65
75,1,0.724137931
78,3,0.666666667
86,1,0.695652174
87,1,0.742857143
92,4,0.636363636
